{
  "origin_u_px": 320,
  "image_right_pos_x": -1,
  "x_bias": 0.0,
  "y_bias": 0.0,
  "x_scale": 0.994415372316692,
  "y_scale": 1.189705366556882
}