{
  "origin_u_px": 305,
  "image_right_pos_x": -1,
  "x_bias": 0.0,
  "y_bias": 0.0,
  "x_scale": 1.334503876567234,
  "y_scale": 1.2069615334163095
}